event name,label,x,y,width,height,confidence,length_in_sec,real_begins_in_sec,real_begins_in_time,picture_ends_in,date
event20210226_154914_532,krátka s headechom,0.363301,0.671949,0.0172414,0.0475436,"0.364369
",0.6231,12.819,15:48:51:819,15:49:14,26.02.2021
event20210226_154914_532,krátka bez headecha,0.58867,0.674326,0.0131363,0.0301109,"0.40969
",0.4748,21.0386,15:49:00:038,15:49:14,26.02.2021
event20210226_154922_533,krátka s headechom,0.138342,0.671157,0.0155993,0.0427892,"0.325254
",0.5638,4.7181,15:48:51:718,15:49:22,26.02.2021
event20210226_154922_533,krátka bez headecha,0.363301,0.675119,0.0123153,0.0285261,"0.525509
",0.4451,12.908,15:48:59:908,15:49:22,26.02.2021
event20210226_155242_535,krátka bez headecha,0.366174,0.671949,0.0131363,0.0348653,"0.513489
",0.4748,12.997,15:52:19:997,15:52:42,26.02.2021
event20210226_155903_536,krátka s headechom,0.370279,0.671949,0.0229885,0.0475436,"0.419659
",0.8309,12.9674,15:58:40:967,15:59:03,26.02.2021
event20210226_160256_538,krátka bez headecha,0.365353,0.677496,0.0131363,0.0269414,"0.479281
",0.4748,12.9674,16:02:33:967,16:02:56,26.02.2021
event20210226_160825_539,krátka bez headecha,0.15353,0.675119,0.0114943,0.0285261,"0.485347
",0.4154,5.3412,16:07:55:341,16:08:25,26.02.2021
event20210226_160825_539,krátka bez headecha,0.356732,0.671157,0.0139573,0.0237718,"0.384119
",0.5045,12.6409,16:08:02:640,16:08:25,26.02.2021
event20210226_161021_540,krátka bez headecha,0.366995,0.675119,0.0147783,0.0253566,"0.562976
",0.5341,12.997,16:09:58:997,16:10:21,26.02.2021
event20210226_161643_541,krátka s headechom,0.368227,0.673534,0.0205255,0.0507132,"0.425346
",0.7418,12.9377,16:16:20:937,16:16:43,26.02.2021
event20210226_162333_544,krátka bez headecha,0.355911,0.674326,0.0188834,0.0269414,"0.709281
",0.6825,12.5222,16:23:10:522,16:23:33,26.02.2021
event20210226_162520_545,krátka bez headecha,0.35468,0.667195,0.0131363,0.0348653,"0.554555
",0.4748,12.5816,16:24:57:581,16:25:20,26.02.2021
event20210226_162640_546,krátka bez headecha,0.366174,0.675119,0.0131363,0.0380349,"0.423476
",0.4748,12.997,16:26:17:997,16:26:40,26.02.2021
event20210226_163117_547,krátka bez headecha,0.359606,0.669572,0.0147783,0.0364501,"0.526209
",0.5341,12.73,16:30:54:73,16:31:17,26.02.2021
event20210226_163734_548,krátka s headechom,0.31445,0.676704,0.0147783,0.0412044,"0.263917
",0.5341,11.0979,16:37:10:097,16:37:34,26.02.2021
event20210226_163734_548,krátka bez headecha,0.31445,0.676704,0.0164204,0.044374,"0.403696
",0.5935,11.0683,16:37:10:068,16:37:34,26.02.2021
event20210226_163734_548,krátka bez headecha,0.368637,0.667987,0.0147783,0.0364501,"0.587533
",0.5341,13.0564,16:37:12:056,16:37:34,26.02.2021
event20210226_165032_552,krátka bez headecha,0.357143,0.683043,0.0147783,0.0316957,"0.57301
",0.5341,12.641,16:50:09:641,16:50:32,26.02.2021
event20210226_170951_556,krátka bez headecha,0.363711,0.664818,0.0147783,0.0332805,"0.485544
",0.5341,12.8783,17:09:28:878,17:09:51,26.02.2021
event20210226_171811_558,krátka bez headecha,0.352627,0.669572,0.0188834,0.0364501,"0.509085
",0.6825,12.4036,17:17:48:403,17:18:11,26.02.2021
event20210226_172123_559,krátka s headechom,0.362069,0.672742,0.0164204,0.0459588,"0.35105
",0.5935,12.7893,17:21:00:789,17:21:23,26.02.2021
event20210226_172123_559,krátka bez headecha,0.362069,0.673534,0.0164204,0.0475436,"0.352672
",0.5935,12.7893,17:21:00:789,17:21:23,26.02.2021
event20210226_172123_559,krátka s headechom,0.856322,0.675119,0.0229885,0.0475436,"0.368592
",0.8309,30.5341,17:21:18:534,17:21:23,26.02.2021
event20210226_172140_560,krátka s headechom,0.358374,0.673534,0.0221675,0.0570523,"0.254846
",0.8012,12.5519,17:21:17:551,17:21:40,26.02.2021
event20210226_172140_560,krátka bez headecha,0.358785,0.674326,0.0213465,0.0459588,"0.387141
",0.7715,12.5816,17:21:17:581,17:21:40,26.02.2021
event20210226_172330_561,krátka bez headecha,0.359195,0.664025,0.0155993,0.0412044,"0.444836
",0.5638,12.7003,17:23:07:700,17:23:30,26.02.2021
event20210226_173025_562,krátka s headechom,0.354269,0.640254,0.0254516,0.117274,"0.556949
",0.9199,12.3442,17:30:02:344,17:30:25,26.02.2021
event20210226_174257_564,krátka bez headecha,0.350985,0.667195,0.0139573,0.0348653,"0.518749
",0.5045,12.4332,17:42:34:433,17:42:57,26.02.2021
event20210226_174336_565,krátka bez headecha,0.353448,0.667987,0.0270936,0.0301109,"0.525016
",0.9792,12.2849,17:43:13:284,17:43:36,26.02.2021
event20210226_175030_568,krátka bez headecha,0.356732,0.667195,0.0155993,0.0285261,"0.58184
",0.5638,12.6113,17:50:07:611,17:50:30,26.02.2021
event20210226_175523_569,krátka s headechom,0.376026,0.673534,0.0311987,0.0538827,"0.391591
",1.1276,13.0267,17:55:01:026,17:55:23,26.02.2021
event20210226_175806_570,krátka bez headecha,0.35509,0.674326,0.0188834,0.0364501,"0.560755
",0.6825,12.4926,17:57:43:492,17:58:06,26.02.2021
event20210226_180005_573,krátka bez headecha,0.366585,0.679081,0.0172414,0.0332805,"0.438051
",0.6231,12.9377,17:59:42:937,18:00:05,26.02.2021
event20210226_180005_573,krátka bez headecha,0.880131,0.672742,0.0164204,0.0269414,"0.256619
",0.5935,31.5133,18:00:01:513,18:00:05,26.02.2021
event20210226_180352_574,krátka bez headecha,0.367406,0.669572,0.0221675,0.0301109,"0.260921
",0.8012,12.8784,18:03:29:878,18:03:52,26.02.2021
event20210226_180733_575,krátka bez headecha,0.358785,0.671157,0.0131363,0.0269414,"0.589303
",0.4748,12.73,18:07:10:73,18:07:33,26.02.2021
event20210226_180733_575,krátka bez headecha,0.5,0.671157,0.0197044,0.0491284,"0.330283
",0.7122,17.7151,18:07:15:715,18:07:33,26.02.2021
event20210226_180738_576,krátka bez headecha,0.20936,0.671157,0.0131363,0.0269414,"0.581382
",0.4748,7.3294,18:07:10:329,18:07:38,26.02.2021
event20210226_180738_576,krátka bez headecha,0.350164,0.671157,0.0188834,0.0491284,"0.377945
",0.6825,12.3145,18:07:15:314,18:07:38,26.02.2021
event20210226_180738_576,krátka s headechom,0.350985,0.671949,0.0188834,0.044374,"0.311319
",0.6825,12.3442,18:07:15:344,18:07:38,26.02.2021
event20210226_181321_578,krátka bez headecha,0.362479,0.673534,0.0155993,0.044374,"0.440823
",0.5638,12.819,18:12:58:819,18:13:21,26.02.2021
event20210226_181817_579,krátka bez headecha,0.354269,0.675911,0.0188834,0.0301109,"0.632096
",0.6825,12.4629,18:17:54:462,18:18:17,26.02.2021
event20210226_182023_580,krátka bez headecha,0.362479,0.667987,0.0155993,0.0332805,"0.5332
",0.5638,12.819,18:20:00:819,18:20:23,26.02.2021
event20210226_182249_581,krátka bez headecha,0.364121,0.666403,0.0172414,0.0332805,"0.634661
",0.6231,12.8486,18:22:26:848,18:22:49,26.02.2021
event20210226_182338_582,krátka bez headecha,0.360837,0.671157,0.0221675,0.0332805,"0.32767
",0.8012,12.6409,18:23:15:640,18:23:38,26.02.2021
event20210226_183806_584,krátka bez headecha,0.356322,0.656101,0.0197044,0.0412044,"0.50315
",0.7122,12.5223,18:37:43:522,18:38:06,26.02.2021
event20210226_184118_585,krátka bez headecha,0.369458,0.670364,0.0147783,0.0253566,"0.591641
",0.5341,13.086,18:40:56:086,18:41:18,26.02.2021
event20210226_184118_585,krátka s headechom,0.648604,0.672742,0.0147783,0.0459588,"0.308113
",0.5341,23.1751,18:41:06:175,18:41:18,26.02.2021
event20210226_184128_586,krátka bez headecha,0.0874384,0.66878,0.0139573,0.0253566,"0.44641
",0.5045,2.908,18:40:55:908,18:41:28,26.02.2021
event20210226_184128_586,krátka s headechom,0.367406,0.672742,0.0139573,0.0459588,"0.398058
",0.5045,13.0267,18:41:06:026,18:41:28,26.02.2021
event20210226_184855_588,krátka bez headecha,0.362479,0.673534,0.0336617,0.044374,"0.35317
",1.2166,12.4926,18:48:32:492,18:48:55,26.02.2021
event20210226_185521_589,krátka s headechom,0.361248,0.656101,0.0197044,0.066561,"0.591575
",0.7122,12.7003,18:54:58:700,18:55:21,26.02.2021
event20210226_190130_590,krátka s headechom,0.357143,0.68542,0.0197044,0.0554675,"0.441914
",0.7122,12.5519,19:01:07:551,19:01:30,26.02.2021
event20210226_191425_595,krátka s headechom,0.357143,0.660063,0.0229885,0.0649762,"0.555343
",0.8309,12.4926,19:14:02:492,19:14:25,26.02.2021
event20210226_191908_597,krátka bez headecha,0.367816,0.675119,0.0180624,0.0285261,"0.687091
",0.6528,12.9674,19:18:45:967,19:19:08,26.02.2021
event20210226_193042_599,krátka bez headecha,0.369458,0.672742,0.0164204,0.0427892,"0.504904
",0.5935,13.0564,19:30:20:056,19:30:42,26.02.2021
event20210226_194627_600,krátka s headechom,0.368637,0.667195,0.0164204,0.0538827,"0.482611
",0.5935,13.0267,19:46:05:026,19:46:27,26.02.2021
event20210226_195613_602,krátka s headechom,0.353859,0.675119,0.0164204,0.0507132,"0.478503
",0.5935,12.4926,19:55:50:492,19:56:13,26.02.2021
event20210226_200342_603,krátka bez headecha,0.366174,0.663233,0.0180624,0.0332805,"0.47201
",0.6528,12.908,20:03:19:908,20:03:42,26.02.2021
event20210226_200635_604,krátka s headechom,0.351806,0.667195,0.0205255,0.0538827,"0.383732
",0.7418,12.3442,20:06:12:344,20:06:35,26.02.2021
event20210226_201812_606,krátka s headechom,0.356732,0.669572,0.0155993,0.0459588,"0.368659
",0.5638,12.6113,20:17:49:611,20:18:12,26.02.2021
event20210226_202259_608,krátka bez headecha,0.355911,0.675911,0.0155993,0.0269414,"0.673284
",0.5638,12.5816,20:22:36:581,20:22:59,26.02.2021
event20210226_202704_610,krátka bez headecha,0.359195,0.687005,0.0139573,0.0396197,"0.462258
",0.5045,12.73,20:26:41:73,20:27:04,26.02.2021
event20210226_203021_611,krátka s headechom,0.355501,0.667987,0.0213465,0.0839937,"0.593293
",0.7715,12.4629,20:29:58:462,20:30:21,26.02.2021
event20210226_203724_612,krátka s headechom,0.364121,0.66878,0.0287356,0.114105,"0.557865
",1.0386,12.6409,20:37:01:640,20:37:24,26.02.2021
event20210226_203724_612,krátka s headechom,0.829639,0.675911,0.0155993,0.0491284,"0.434814
",0.5638,29.7033,20:37:18:703,20:37:24,26.02.2021
event20210226_204230_613,krátka bez headecha,0.355911,0.675119,0.0155993,0.0380349,"0.509881
",0.5638,12.5816,20:42:07:581,20:42:30,26.02.2021
event20210226_204326_614,krátka bez headecha,0.368227,0.679873,0.0155993,0.0348653,"0.566636
",0.5638,13.0267,20:43:04:026,20:43:26,26.02.2021
event20210226_204515_615,krátka bez headecha,0.353859,0.675911,0.0147783,0.0269414,"0.602493
",0.5341,12.5223,20:44:52:522,20:45:15,26.02.2021
event20210226_204532_616,krátka bez headecha,0.364121,0.675119,0.0188834,0.0285261,"0.361409
",0.6825,12.819,20:45:09:819,20:45:32,26.02.2021
event20210226_205143_617,krátka bez headecha,0.357553,0.678288,0.0139573,0.0348653,"0.52292
",0.5045,12.6706,20:51:20:670,20:51:43,26.02.2021
event20210226_205410_618,krátka bez headecha,0.358374,0.675911,0.0139573,0.0332805,"0.504028
",0.5045,12.7003,20:53:47:700,20:54:10,26.02.2021
event20210226_205907_619,krátka bez headecha,0.354269,0.673534,0.0172414,0.0412044,"0.435538
",0.6231,12.4926,20:58:44:492,20:59:07,26.02.2021
event20210226_205916_620,krátka bez headecha,0.110837,0.671157,0.0164204,0.0427892,"0.37929
",0.5935,3.7092,20:58:44:709,20:59:16,26.02.2021
event20210226_210929_628,krátka bez headecha,0.359195,0.674326,0.0155993,0.0269414,"0.62549
",0.5638,12.7003,21:09:06:700,21:09:29,26.02.2021
event20210226_210951_629,krátka bez headecha,0.368637,0.675119,0.0164204,0.0253566,"0.596735
",0.5935,13.0267,21:09:29:026,21:09:51,26.02.2021
event20210226_211350_630,krátka s headechom,0.362069,0.675119,0.0213465,0.0729002,"0.401528
",0.7715,12.7003,21:13:27:700,21:13:50,26.02.2021
event20210226_211833_633,krátka bez headecha,0.361248,0.676704,0.0197044,0.0253566,"0.47836
",0.7122,12.7003,21:18:10:700,21:18:33,26.02.2021
event20210226_211833_633,krátka bez headecha,0.411741,0.675911,0.0155993,0.0332805,"0.524323
",0.5638,14.5994,21:18:12:599,21:18:33,26.02.2021
event20210226_212116_635,krátka bez headecha,0.356732,0.675119,0.0123153,0.0253566,"0.558149
",0.4451,12.6706,21:20:53:670,21:21:16,26.02.2021
event20210226_212837_639,krátka bez headecha,0.357143,0.671157,0.0131363,0.0364501,"0.476803
",0.4748,12.6706,21:28:14:670,21:28:37,26.02.2021
event20210226_212926_640,krátka bez headecha,0.355501,0.676704,0.0164204,0.0285261,"0.616566
",0.5935,12.5519,21:29:03:551,21:29:26,26.02.2021
event20210226_213808_644,krátka bez headecha,0.0788177,0.673534,0.0131363,0.0253566,"0.285552
",0.4748,2.6113,21:37:35:611,21:38:08,26.02.2021
event20210226_213808_644,krátka bez headecha,0.355911,0.671157,0.0139573,0.0301109,"0.591896
",0.5045,12.6113,21:37:45:611,21:38:08,26.02.2021
event20210226_214416_650,krátka bez headecha,0.357553,0.671157,0.0205255,0.0269414,"0.626716
",0.7418,12.5519,21:43:53:551,21:44:16,26.02.2021
event20210226_215212_655,krátka bez headecha,0.358374,0.672742,0.0155993,0.0301109,"0.592211
",0.5638,12.6706,21:51:49:670,21:52:12,26.02.2021
event20210226_215344_656,krátka bez headecha,0.365353,0.669572,0.0164204,0.0269414,"0.581303
",0.5935,12.908,21:53:21:908,21:53:44,26.02.2021
event20210226_220304_675,krátka bez headecha,0.367406,0.676704,0.0172414,0.0285261,"0.604558
",0.6231,12.9674,22:02:41:967,22:03:04,26.02.2021
event20210226_220522_677,krátka s headechom,0.356732,0.677496,0.0238095,0.0586371,"0.566919
",0.8605,12.4629,22:04:59:462,22:05:22,26.02.2021
event20210226_220840_685,krátka bez headecha,0.720033,0.664025,0.0164204,0.0316957,"0.610503
",0.5935,25.727,22:08:30:727,22:08:40,26.02.2021
event20210226_220853_686,krátka bez headecha,0.36289,0.664025,0.0164204,0.0316957,"0.612477
",0.5935,12.819,22:08:30:819,22:08:53,26.02.2021
event20210226_222132_704,krátka s headechom,0.683498,0.686212,0.0188834,0.0602219,"0.416932
",0.6825,24.362,22:21:21:362,22:21:32,26.02.2021
event20210226_222132_704,krátka bez headecha,0.89491,0.678288,0.0147783,0.0380349,"0.521884
",0.5341,32.0772,22:21:29:077,22:21:32,26.02.2021
event20210226_222143_705,krátka bez headecha,0.356322,0.690967,0.0213465,0.0570523,"0.313659
",0.7715,12.4926,22:21:20:492,22:21:43,26.02.2021
event20210226_222143_705,krátka bez headecha,0.568145,0.678288,0.0164204,0.0380349,"0.413101
",0.5935,20.2374,22:21:28:237,22:21:43,26.02.2021
event20210226_222143_705,krátka bez headecha,0.821018,0.689382,0.0131363,0.0285261,"0.28743
",0.4748,29.4362,22:21:37:436,22:21:43,26.02.2021
event20210226_222348_710,krátka s headechom,0.358374,0.673534,0.0221675,0.0602219,"0.38053
",0.8012,12.5519,22:23:25:551,22:23:48,26.02.2021
event20210226_222533_712,dlhá s headechom,0.369869,0.641838,0.0632184,0.202853,"0.345052
",2.2849,12.2255,22:25:10:225,22:25:33,26.02.2021
event20210226_222707_716,krátka bez headecha,0.616995,0.672742,0.0155993,0.0332805,"0.612224
",0.5638,22.0178,22:26:54:017,22:27:07,26.02.2021
event20210226_222717_717,krátka bez headecha,0.35468,0.672742,0.0147783,0.0332805,"0.641524
",0.5341,12.5519,22:26:54:551,22:27:17,26.02.2021
event20210226_222922_718,krátka bez headecha,0.36289,0.684628,0.0147783,0.0285261,"0.578452
",0.5341,12.8487,22:28:59:848,22:29:22,26.02.2021
event20210226_223144_721,krátka s headechom,0.358785,0.667195,0.0213465,0.0570523,"0.490311
",0.7715,12.5816,22:31:21:581,22:31:44,26.02.2021
event20210226_223144_721,krátka bez headecha,0.537356,0.671157,0.0155993,0.0269414,"0.338992
",0.5638,19.1395,22:31:28:139,22:31:44,26.02.2021
event20210226_223151_722,krátka s headechom,0.180624,0.664818,0.0197044,0.0618067,"0.565285
",0.7122,6.1721,22:31:22:172,22:31:51,26.02.2021
event20210226_223151_722,krátka bez headecha,0.359195,0.670364,0.0155993,0.0253566,"0.528294
",0.5638,12.7003,22:31:28:700,22:31:51,26.02.2021
event20210226_223151_722,krátka bez headecha,0.804187,0.675911,0.0139573,0.0332805,"0.458125
",0.5045,28.813,22:31:44:813,22:31:51,26.02.2021
event20210226_223229_724,krátka s headechom,0.739327,0.660063,0.0270936,0.0776545,"0.52169
",0.9792,26.2315,22:32:20:231,22:32:29,26.02.2021
event20210226_223243_725,krátka s headechom,0.365353,0.660856,0.0246305,0.0792393,"0.519991
",0.8902,12.7596,22:32:20:759,22:32:43,26.02.2021
event20210226_223444_726,krátka s headechom,0.366174,0.657686,0.0279146,0.0697306,"0.462593
",1.0089,12.73,22:34:21:73,22:34:44,26.02.2021
event20210226_223547_727,krátka bez headecha,0.760673,0.671949,0.0205255,0.044374,"0.407909
",0.7418,27.1217,22:35:39:121,22:35:47,26.02.2021
event20210226_223602_728,krátka bez headecha,0.358374,0.671157,0.0205255,0.0459588,"0.397661
",0.7418,12.5816,22:35:39:581,22:36:02,26.02.2021
event20210226_223830_730,krátka bez headecha,0.353859,0.66878,0.0164204,0.0380349,"0.638591
",0.5935,12.4926,22:38:07:492,22:38:30,26.02.2021
event20210226_224106_735,dlhá s headechom,0.376437,0.671949,0.0681445,0.259905,"0.264854
",2.4629,12.3739,22:40:43:373,22:41:06,26.02.2021
event20210226_225302_756,krátka bez headecha,0.26601,0.673534,0.0164204,0.0253566,"0.615847
",0.5935,9.3175,22:52:36:317,22:53:02,26.02.2021
event20210226_225439_760,krátka bez headecha,0.364943,0.679873,0.0139573,0.0380349,"0.476959
",0.5045,12.9377,22:54:16:937,22:54:39,26.02.2021
event20210226_225705_763,krátka s headechom,0.805419,0.671157,0.0328407,0.0649762,"0.299961
",1.1869,28.5163,22:56:58:516,22:57:05,26.02.2021
event20210226_225705_763,dlhá s headechom,0.80624,0.672742,0.0311987,0.0618067,"0.278356
",1.1276,28.5757,22:56:58:575,22:57:05,26.02.2021
event20210226_225721_764,krátka s headechom,0.374795,0.671949,0.0336617,0.0633914,"0.273351
",1.2166,12.9377,22:56:58:937,22:57:21,26.02.2021
event20210226_225730_765,dlhá s headechom,0.121511,0.673534,0.0328407,0.0602219,"0.303419
",1.1869,3.7982,22:56:58:798,22:57:30,26.02.2021
event20210226_225810_766,krátka bez headecha,0.32225,0.698098,0.0139573,0.0332805,"0.534739
",0.5045,11.3947,22:57:46:394,22:58:10,26.02.2021
event20210226_225810_766,krátka s headechom,0.862069,0.671157,0.0164204,0.0618067,"0.483482
",0.5935,30.8605,22:58:05:860,22:58:10,26.02.2021
event20210226_225814_767,krátka bez headecha,0.219622,0.698098,0.0139573,0.0301109,"0.562609
",0.5045,7.6854,22:57:46:685,22:58:14,26.02.2021
event20210226_225814_767,krátka s headechom,0.759442,0.670364,0.0147783,0.0602219,"0.549405
",0.5341,27.181,22:58:06:181,22:58:14,26.02.2021
event20210226_225829_768,krátka s headechom,0.356732,0.670364,0.0155993,0.0602219,"0.580141
",0.5638,12.6113,22:58:06:611,22:58:29,26.02.2021
event20210226_225902_769,krátka bez headecha,0.334565,0.59271,0.0188834,0.0285261,"0.388555
",0.6825,11.7507,22:58:38:750,22:59:02,26.02.2021
event20210226_225902_769,krátka bez headecha,0.568965,0.667987,0.0164204,0.0301109,"0.506357
",0.5935,20.267,22:58:47:267,22:59:02,26.02.2021
event20210226_225905_770,krátka bez headecha,0.249589,0.59271,0.0180624,0.0253566,"0.425905
",0.6528,8.6943,22:58:38:694,22:59:05,26.02.2021
event20210226_225905_770,krátka bez headecha,0.48399,0.66878,0.0155993,0.0316957,"0.492134
",0.5638,17.2107,22:58:47:210,22:59:05,26.02.2021
event20210226_230023_772,krátka bez headecha,0.356732,0.663233,0.0123153,0.0269414,"0.564366
",0.4451,12.6706,23:00:00:670,23:00:23,26.02.2021
event20210226_230207_776,krátka s headechom,0.356322,0.677496,0.0164204,0.0427892,"0.313269
",0.5935,12.5816,23:01:44:581,23:02:07,26.02.2021
event20210226_230207_776,krátka bez headecha,0.356322,0.677496,0.0180624,0.0427892,"0.380692
",0.6528,12.5519,23:01:44:551,23:02:07,26.02.2021
event20210226_230207_776,krátka bez headecha,0.587438,0.675119,0.0155993,0.0348653,"0.496597
",0.5638,20.9495,23:01:52:949,23:02:07,26.02.2021
event20210226_230215_777,krátka bez headecha,0.130952,0.676704,0.0172414,0.0412044,"0.383692
",0.6231,4.4214,23:01:44:421,23:02:15,26.02.2021
event20210226_230215_777,krátka s headechom,0.131363,0.676704,0.0164204,0.0412044,"0.287102
",0.5935,4.451,23:01:44:451,23:02:15,26.02.2021
event20210226_230215_777,krátka bez headecha,0.362479,0.675119,0.0155993,0.0348653,"0.564638
",0.5638,12.819,23:01:52:819,23:02:15,26.02.2021
event20210226_230249_778,krátka s headechom,0.362479,0.654517,0.0188834,0.107765,"0.550233
",0.6825,12.7596,23:02:26:759,23:02:49,26.02.2021
event20210226_230806_785,krátka s headechom,0.35509,0.673534,0.0221675,0.0697306,"0.46231
",0.8012,12.4332,23:07:43:433,23:08:06,26.02.2021
event20210226_230933_786,krátka bez headecha,0.362479,0.677496,0.0205255,0.0459588,"0.428219
",0.7418,12.73,23:09:10:73,23:09:33,26.02.2021
event20210226_231105_787,krátka s headechom,0.356732,0.678288,0.0221675,0.0538827,"0.505333
",0.8012,12.4926,23:10:42:492,23:11:05,26.02.2021
event20210226_232246_794,krátka bez headecha,0.370279,0.673534,0.0180624,0.0348653,"0.43272
",0.6528,13.0564,23:22:24:056,23:22:46,26.02.2021
event20210226_232414_796,krátka bez headecha,0.688424,0.671157,0.0155993,0.0364501,"0.310372
",0.5638,24.5994,23:24:03:599,23:24:14,26.02.2021
event20210226_232648_797,krátka bez headecha,0.0784072,0.674326,0.0123153,0.0396197,"0.301798
",0.4451,2.6113,23:26:15:611,23:26:48,26.02.2021
event20210226_232648_797,krátka s headechom,0.0784072,0.673534,0.0139573,0.044374,"0.324725
",0.5045,2.5816,23:26:15:581,23:26:48,26.02.2021
event20210226_232648_797,dlhá bez headecha,0.92775,0.664025,0.0509031,0.0475436,"0.451001
",1.8398,32.6113,23:26:45:611,23:26:48,26.02.2021
event20210226_232709_798,dlhá bez headecha,0.375205,0.661648,0.0492611,0.0427892,"0.49691
",1.7804,12.6706,23:26:46:670,23:27:09,26.02.2021
event20210226_232718_799,dlhá bez headecha,0.112069,0.662441,0.0484401,0.0412044,"0.450589
",1.7507,3.1751,23:26:46:175,23:27:18,26.02.2021
event20210226_232718_799,krátka bez headecha,0.354269,0.679873,0.0123153,0.0253566,"0.30571
",0.4451,12.5816,23:26:55:581,23:27:18,26.02.2021
event20210226_232718_799,krátka bez headecha,0.828818,0.68225,0.0139573,0.0332805,"0.41776
",0.5045,29.7033,23:27:12:703,23:27:18,26.02.2021
event20210226_233103_804,krátka bez headecha,0.573071,0.689382,0.0164204,0.0507132,"0.31367
",0.5935,20.4154,23:30:48:415,23:31:03,26.02.2021
event20210226_233103_804,krátka s headechom,0.573481,0.687797,0.0172414,0.0507132,"0.399729
",0.6231,20.4154,23:30:48:415,23:31:03,26.02.2021
event20210226_233654_813,krátka s headechom,0.355501,0.618859,0.0213465,0.236133,"0.361189
",0.7715,12.4629,23:36:31:462,23:36:54,26.02.2021
event20210226_233654_813,krátka bez headecha,0.837438,0.66561,0.0131363,0.0348653,"0.337379
",0.4748,30.0297,23:36:49:029,23:36:54,26.02.2021
event20210226_233803_814,krátka bez headecha,0.370279,0.655309,0.0180624,0.0364501,"0.61341
",0.6528,13.0564,23:37:41:056,23:38:03,26.02.2021
event20210226_234016_816,krátka s headechom,0.366174,0.652932,0.0164204,0.0792393,"0.549552
",0.5935,12.9377,23:39:53:937,23:40:16,26.02.2021
event20210226_234152_817,krátka s headechom,0.357964,0.686212,0.0180624,0.088748,"0.56608
",0.6528,12.6113,23:41:29:611,23:41:52,26.02.2021
event20210226_234152_817,krátka bez headecha,0.601806,0.666403,0.0147783,0.0427892,"0.311074
",0.5341,21.4837,23:41:38:483,23:41:52,26.02.2021
event20210226_234152_817,krátka bez headecha,0.924466,0.660856,0.0147783,0.0380349,"0.510991
",0.5341,33.1454,23:41:50:145,23:41:52,26.02.2021
event20210226_234201_818,krátka s headechom,0.124384,0.683835,0.0172414,0.0871632,"0.515951
",0.6231,4.184,23:41:30:184,23:42:01,26.02.2021
event20210226_234201_818,krátka bez headecha,0.366995,0.667987,0.0131363,0.0332805,"0.55025
",0.4748,13.0267,23:41:39:026,23:42:01,26.02.2021
event20210226_234201_818,krátka bez headecha,0.690066,0.660063,0.0139573,0.0396197,"0.409793
",0.5045,24.6884,23:41:50:688,23:42:01,26.02.2021
event20210226_234208_819,krátka bez headecha,0.170361,0.667987,0.0123153,0.0332805,"0.504522
",0.4451,5.9347,23:41:38:934,23:42:08,26.02.2021
event20210226_234208_819,krátka bez headecha,0.492611,0.659271,0.0147783,0.0380349,"0.384541
",0.5341,17.5371,23:41:50:537,23:42:08,26.02.2021
event20210226_234311_820,krátka bez headecha,0.355501,0.666403,0.0131363,0.0269414,"0.579463
",0.4748,12.6113,23:42:48:611,23:43:11,26.02.2021
event20210226_234346_821,krátka bez headecha,0.355501,0.675119,0.0131363,0.0316957,"0.535904
",0.4748,12.6113,23:43:23:611,23:43:46,26.02.2021
event20210226_235057_827,krátka s headechom,0.376437,0.670364,0.0320197,0.177496,"0.303648
",1.1573,13.0267,23:50:35:026,23:50:57,26.02.2021
event20210226_235125_828,krátka s headechom,0.355911,0.690967,0.0139573,0.0507132,"0.49412
",0.5045,12.6113,23:51:02:611,23:51:25,26.02.2021
event20210226_235125_828,krátka bez headecha,0.776683,0.686212,0.0131363,0.0316957,"0.544164
",0.4748,27.8338,23:51:17:833,23:51:25,26.02.2021
event20210226_235141_829,krátka bez headecha,0.353859,0.686212,0.0131363,0.0316957,"0.567455
",0.4748,12.5519,23:51:18:551,23:51:41,26.02.2021
event20210226_235508_832,krátka s headechom,0.946223,0.689382,0.0139573,0.0570523,"0.46817
",0.5045,33.9466,23:55:06:946,23:55:08,26.02.2021
event20210226_235530_833,krátka s headechom,0.365353,0.68859,0.0147783,0.0586371,"0.515507
",0.5341,12.9377,23:55:07:937,23:55:30,26.02.2021
event20210226_235602_834,krátka bez headecha,0.364532,0.681458,0.0147783,0.0285261,"0.556798
",0.5341,12.908,23:55:39:908,23:56:02,26.02.2021
event20210226_235602_834,krátka bez headecha,0.91954,0.675911,0.0180624,0.0396197,"0.40684
",0.6528,32.908,23:55:59:908,23:56:02,26.02.2021
event20210226_235617_835,krátka bez headecha,0.479475,0.675911,0.0180624,0.0364501,"0.488775
",0.6528,17.003,23:55:59:003,23:56:17,26.02.2021
event20210226_235617_835,krátka bez headecha,0.91954,0.66878,0.0131363,0.0285261,"0.365501
",0.4748,32.997,23:56:14:997,23:56:17,26.02.2021
event20210226_235622_836,krátka bez headecha,0.357143,0.676704,0.0164204,0.0380349,"0.376105
",0.5935,12.6113,23:55:59:611,23:56:22,26.02.2021
event20210226_235622_836,krátka s headechom,0.357553,0.676704,0.0188834,0.044374,"0.280627
",0.6825,12.5816,23:55:59:581,23:56:22,26.02.2021
event20210226_235622_836,krátka bez headecha,0.796387,0.667987,0.0131363,0.0269414,"0.493733
",0.4748,28.546,23:56:15:546,23:56:22,26.02.2021
event20210226_235638_837,krátka bez headecha,0.365353,0.667987,0.0131363,0.0269414,"0.559104
",0.4748,12.9674,23:56:15:967,23:56:38,26.02.2021
event20210226_235638_837,krátka bez headecha,0.742611,0.670364,0.0155993,0.0348653,"0.558502
",0.5638,26.5579,23:56:29:557,23:56:38,26.02.2021
event20210226_235638_837,krátka s headechom,0.94335,0.683043,0.0147783,0.0507132,"0.399668
",0.5341,33.8279,23:56:36:827,23:56:38,26.02.2021
event20210226_235652_838,krátka bez headecha,0.359195,0.66878,0.0155993,0.0316957,"0.563158
",0.5638,12.7003,23:56:29:700,23:56:52,26.02.2021
event20210226_235652_838,krátka s headechom,0.560345,0.68542,0.0172414,0.0586371,"0.562394
",0.6231,19.9407,23:56:36:940,23:56:52,26.02.2021
event20210226_235659_839,krátka bez headecha,0.15353,0.66878,0.0147783,0.0316957,"0.602811
",0.5341,5.2819,23:56:29:281,23:56:59,26.02.2021
event20210226_235659_839,krátka s headechom,0.35468,0.683835,0.0147783,0.0554675,"0.557324
",0.5341,12.5519,23:56:36:551,23:56:59,26.02.2021
event20210227_000038_1,krátka s headechom,0.359195,0.659271,0.0287356,0.0697306,"0.472364
",1.0386,12.4629,0:00:15:462,00:00:38,27.02.2021
event20210227_000038_1,krátka bez headecha,0.685961,0.686212,0.0123153,0.0316957,"0.525853
",0.4451,24.5697,0:00:27:569,00:00:38,27.02.2021
event20210227_000050_2,krátka s headechom,0.0422824,0.657686,0.0287356,0.0697306,"0.402259
",1.0386,1.0089,0:00:16:008,00:00:50,27.02.2021
event20210227_000050_2,krátka bez headecha,0.366585,0.687005,0.0139573,0.0364501,"0.578143
",0.5045,12.997,0:00:27:997,00:00:50,27.02.2021
event20210227_000530_4,krátka bez headecha,0.364121,0.687005,0.0123153,0.0301109,"0.514036
",0.4451,12.9377,0:05:07:937,00:05:30,27.02.2021
event20210227_000726_7,krátka bez headecha,0.358374,0.694929,0.0155993,0.0301109,"0.324832
",0.5638,12.6706,0:07:03:670,00:07:26,27.02.2021
event20210227_000726_7,krátka bez headecha,0.611658,0.648178,0.0164204,0.0380349,"0.431819
",0.5935,21.8101,0:07:12:810,00:07:26,27.02.2021
event20210227_000732_8,krátka bez headecha,0.207718,0.693344,0.0147783,0.0269414,"0.330244
",0.5341,7.2404,0:07:04:240,00:07:32,27.02.2021
event20210227_000732_8,krátka bez headecha,0.462233,0.648178,0.0164204,0.0380349,"0.463946
",0.5935,16.4095,0:07:13:409,00:07:32,27.02.2021
event20210227_001049_11,krátka s headechom,0.354269,0.715531,0.0139573,0.0586371,"0.536515
",0.5045,12.5519,0:10:26:551,00:10:49,27.02.2021
event20210227_001141_13,krátka bez headecha,0.227833,0.664025,0.0106732,0.0285261,"0.322867
",0.3858,8.0416,0:11:14:041,00:11:41,27.02.2021
event20210227_001141_13,krátka s headechom,0.364943,0.66878,0.0188834,0.158479,"0.61543
",0.6825,12.8487,0:11:18:848,00:11:41,27.02.2021
event20210227_001411_16,krátka bez headecha,0.35468,0.677496,0.0147783,0.0269414,"0.582346
",0.5341,12.5519,0:13:48:551,00:14:11,27.02.2021
event20210227_001517_17,dlhá s headechom,0.356732,0.660856,0.0287356,0.0729002,"0.335178
",1.0386,12.3739,0:14:54:373,00:15:17,27.02.2021
event20210227_001517_17,krátka s headechom,0.357143,0.660063,0.0311987,0.0713154,"0.292379
",1.1276,12.3442,0:14:54:344,00:15:17,27.02.2021
event20210227_001517_17,krátka bez headecha,0.946223,0.66878,0.0139573,0.0316957,"0.517618
",0.5045,33.9466,0:15:15:946,00:15:17,27.02.2021
event20210227_001539_18,krátka bez headecha,0.357143,0.66878,0.0164204,0.0348653,"0.587401
",0.5935,12.6113,0:15:16:611,00:15:39,27.02.2021
event20210227_001736_19,krátka bez headecha,0.368227,0.669572,0.0155993,0.0301109,"0.513567
",0.5638,13.0267,0:17:14:026,00:17:36,27.02.2021
event20210227_001746_20,krátka bez headecha,0.10468,0.669572,0.0139573,0.0269414,"0.33662
",0.5045,3.5312,0:17:14:531,00:17:46,27.02.2021
event20210227_001746_20,krátka bez headecha,0.754516,0.660856,0.0131363,0.0285261,"0.48642
",0.4748,27.0327,0:17:38:032,00:17:46,27.02.2021
event20210227_002007_22,krátka bez headecha,0.247947,0.674326,0.0131363,0.0396197,"0.349758
",0.4748,8.724,0:19:40:724,00:20:07,27.02.2021
event20210227_002007_22,krátka bez headecha,0.364532,0.675119,0.0131363,0.0253566,"0.498464
",0.4748,12.9377,0:19:44:937,00:20:07,27.02.2021
event20210227_002451_25,krátka bez headecha,0.72619,0.698098,0.0139573,0.0301109,"0.313592
",0.5045,25.994,0:24:41:994,00:24:51,27.02.2021
event20210227_002451_25,krátka s headechom,0.902709,0.674326,0.0188834,0.0966719,"0.573124
",0.6825,32.2849,0:24:48:284,00:24:51,27.02.2021
event20210227_002511_26,krátka bez headecha,0.183498,0.699683,0.0123153,0.0269414,"0.260329
",0.4451,6.4095,0:24:42:409,00:25:11,27.02.2021
event20210227_002511_26,krátka s headechom,0.359606,0.673534,0.0164204,0.0950872,"0.545676
",0.5935,12.7003,0:24:48:700,00:25:11,27.02.2021
event20210227_002635_28,krátka s headechom,0.833333,0.654517,0.0213465,0.0633914,"0.547148
",0.7715,29.7329,0:26:29:732,00:26:35,27.02.2021
event20210227_002653_29,krátka s headechom,0.355501,0.652932,0.0197044,0.066561,"0.579499
",0.7122,12.4926,0:26:30:492,00:26:53,27.02.2021
event20210227_002834_30,krátka bez headecha,0.350985,0.684628,0.0155993,0.0348653,"0.611269
",0.5638,12.4036,0:28:11:403,00:28:34,27.02.2021
event20210227_002845_31,krátka bez headecha,0.0418719,0.683043,0.0147783,0.0348653,"0.487866
",0.5341,1.2463,0:28:11:246,00:28:45,27.02.2021
event20210227_003508_40,krátka bez headecha,0.892857,0.675911,0.0139573,0.0332805,"0.554224
",0.5045,32.0178,0:35:05:017,00:35:08,27.02.2021
event20210227_003522_41,krátka bez headecha,0.499179,0.675119,0.0147783,0.0348653,"0.502784
",0.5341,17.7745,0:35:04:774,00:35:22,27.02.2021
event20210227_003939_43,krátka s headechom,0.36289,0.673534,0.0197044,0.0507132,"0.414545
",0.7122,12.7596,0:39:16:759,00:39:39,27.02.2021
event20210227_003939_43,krátka s headechom,0.489737,0.70523,0.0172414,0.0982567,"0.567017
",0.6231,17.3887,0:39:21:388,00:39:39,27.02.2021
event20210227_003944_44,krátka s headechom,0.224548,0.672742,0.0188834,0.0491284,"0.395823
",0.6825,7.7745,0:39:16:774,00:39:44,27.02.2021
event20210227_003944_44,krátka s headechom,0.351806,0.708399,0.0188834,0.101426,"0.541167
",0.6825,12.3739,0:39:21:373,00:39:44,27.02.2021
event20210227_004310_45,krátka bez headecha,0.357553,0.677496,0.0188834,0.0301109,"0.626983
",0.6825,12.5816,0:42:47:581,00:43:10,27.02.2021
event20210227_004353_46,krátka s headechom,0.366995,0.677496,0.0147783,0.0427892,"0.341437
",0.5341,12.997,0:43:30:997,00:43:53,27.02.2021
event20210227_004353_46,krátka bez headecha,0.366995,0.676704,0.0147783,0.0412044,"0.352459
",0.5341,12.997,0:43:30:997,00:43:53,27.02.2021
event20210227_004402_47,krátka bez headecha,0.114122,0.676704,0.0147783,0.0412044,"0.328003
",0.5341,3.8576,0:43:30:857,00:44:02,27.02.2021
event20210227_004402_47,krátka s headechom,0.114532,0.677496,0.0139573,0.0427892,"0.335183
",0.5045,3.8872,0:43:30:887,00:44:02,27.02.2021
event20210227_004527_49,krátka s headechom,0.356732,0.674326,0.0188834,0.0871632,"0.513512
",0.6825,12.5519,0:45:04:551,00:45:27,27.02.2021
event20210227_004824_50,krátka s headechom,0.357964,0.66878,0.0164204,0.044374,"0.385587
",0.5935,12.641,0:48:01:641,00:48:24,27.02.2021
event20210227_005017_51,krátka bez headecha,0.357964,0.667195,0.0180624,0.0412044,"0.514498
",0.6528,12.6113,0:49:54:611,00:50:17,27.02.2021
event20210227_005017_51,krátka s headechom,0.498768,0.676704,0.0172414,0.0633914,"0.53972
",0.6231,17.7151,0:49:59:715,00:50:17,27.02.2021
event20210227_005022_52,krátka bez headecha,0.21798,0.667987,0.0172414,0.0396197,"0.429512
",0.6231,7.5668,0:49:54:566,00:50:22,27.02.2021
event20210227_005022_52,krátka s headechom,0.357553,0.680666,0.0155993,0.0649762,"0.56794
",0.5638,12.6409,0:49:59:640,00:50:22,27.02.2021
event20210227_005115_53,dlhá bez headecha,0.369869,0.66561,0.0353038,0.0380349,"0.31005
",1.276,12.73,0:50:52:73,00:51:15,27.02.2021
event20210227_005115_53,krátka s headechom,0.417488,0.657686,0.0270936,0.101426,"0.43551
",0.9792,14.5994,0:50:54:599,00:51:15,27.02.2021
event20210227_005746_62,krátka bez headecha,0.0886699,0.664025,0.0131363,0.0285261,"0.391165
",0.4748,2.9674,0:57:13:967,00:57:46,27.02.2021
event20210227_005746_62,krátka bez headecha,0.356732,0.66561,0.0172414,0.0316957,"0.633836
",0.6231,12.5816,0:57:23:581,00:57:46,27.02.2021
event20210227_010502_70,krátka bez headecha,0.356322,0.663233,0.0147783,0.0301109,"0.506923
",0.5341,12.6113,1:04:39:611,01:05:02,27.02.2021
event20210227_010721_75,krátka s headechom,0.357964,0.667195,0.0197044,0.0538827,"0.495843
",0.7122,12.5816,1:06:58:581,01:07:21,27.02.2021
event20210227_010746_76,krátka s headechom,0.845649,0.687005,0.0147783,0.0744849,"0.560317
",0.5341,30.2968,1:07:41:296,01:07:46,27.02.2021
event20210227_010847_77,krátka s headechom,0.371921,0.666403,0.0246305,0.0522979,"0.417951
",0.8902,12.997,1:08:24:997,01:08:47,27.02.2021
event20210227_010847_77,krátka bez headecha,0.372332,0.664025,0.0221675,0.044374,"0.250801
",0.8012,13.0564,1:08:25:056,01:08:47,27.02.2021
event20210227_011445_84,krátka s headechom,0.582102,0.672742,0.0180624,0.0586371,"0.25139
",0.6528,20.7122,1:14:30:712,01:14:45,27.02.2021
event20210227_011445_84,krátka bez headecha,0.582512,0.673534,0.0172414,0.044374,"0.442091
",0.6231,20.7418,1:14:30:741,01:14:45,27.02.2021
event20210227_011453_85,krátka s headechom,0.357964,0.671949,0.0180624,0.0570523,"0.253732
",0.6528,12.6113,1:14:30:611,01:14:53,27.02.2021
event20210227_011453_85,krátka bez headecha,0.357964,0.673534,0.0164204,0.044374,"0.410988
",0.5935,12.641,1:14:30:641,01:14:53,27.02.2021
event20210227_011526_86,krátka s headechom,0.359606,0.667987,0.0197044,0.0839937,"0.417874
",0.7122,12.641,1:15:03:641,01:15:26,27.02.2021
event20210227_011526_86,krátka bez headecha,0.79023,0.735341,0.0123153,0.0285261,"0.263717
",0.4451,28.3383,1:15:19:338,01:15:26,27.02.2021
event20210227_011530_87,krátka s headechom,0.238095,0.662441,0.0180624,0.0538827,"0.47482
",0.6528,8.2789,1:15:03:278,01:15:30,27.02.2021
event20210227_011530_87,krátka bez headecha,0.836207,0.699683,0.0172414,0.0459588,"0.298719
",0.6231,29.911,1:15:24:911,01:15:30,27.02.2021
event20210227_011616_88,krátka s headechom,0.360837,0.667987,0.0205255,0.141046,"0.604612
",0.7418,12.6706,1:15:53:670,01:16:16,27.02.2021
event20210227_011619_89,krátka s headechom,0.268473,0.666403,0.0229885,0.141046,"0.61156
",0.8309,9.2878,1:15:53:287,01:16:19,27.02.2021
event20210227_011619_89,krátka bez headecha,0.359195,0.737718,0.0139573,0.0269414,"0.240705
",0.5045,12.73,1:15:56:73,01:16:19,27.02.2021
event20210227_011716_90,krátka s headechom,0.357553,0.667987,0.0155993,0.0522979,"0.500629
",0.5638,12.6409,1:16:53:640,01:17:16,27.02.2021
event20210227_011814_91,krátka bez headecha,0.353859,0.674326,0.0131363,0.0269414,"0.611036
",0.4748,12.5519,1:17:51:551,01:18:14,27.02.2021
event20210227_011905_92,krátka bez headecha,0.36289,0.679081,0.0147783,0.0301109,"0.591656
",0.5341,12.8487,1:18:42:848,01:19:05,27.02.2021
event20210227_012333_99,krátka s headechom,0.366585,0.640254,0.0205255,0.161648,"0.616688
",0.7418,12.8784,1:23:10:878,01:23:33,27.02.2021
event20210227_012448_101,krátka bez headecha,0.368637,0.676704,0.0147783,0.0253566,"0.637945
",0.5341,13.0564,1:24:26:056,01:24:48,27.02.2021
event20210227_012534_102,krátka bez headecha,0.356732,0.675119,0.0139573,0.0253566,"0.524158
",0.5045,12.6409,1:25:11:640,01:25:34,27.02.2021
event20210227_012605_103,krátka bez headecha,0.357143,0.66561,0.0131363,0.0285261,"0.571403
",0.4748,12.6706,1:25:42:670,01:26:05,27.02.2021
event20210227_012833_105,krátka bez headecha,0.369869,0.638669,0.0205255,0.0412044,"0.318841
",0.7418,12.997,1:28:10:997,01:28:33,27.02.2021
event20210227_013008_107,krátka s headechom,0.357553,0.698891,0.0139573,0.0602219,"0.554584
",0.5045,12.6706,1:29:45:670,01:30:08,27.02.2021
event20210227_013206_108,krátka bez headecha,0.358374,0.672742,0.0155993,0.0269414,"0.623523
",0.5638,12.6706,1:31:43:670,01:32:06,27.02.2021
event20210227_013206_108,krátka bez headecha,0.799261,0.683043,0.0303777,0.0412044,"0.370387
",1.0979,28.3383,1:31:59:338,01:32:06,27.02.2021
event20210227_013222_109,krátka bez headecha,0.359606,0.683835,0.0262726,0.0396197,"0.439859
",0.9496,12.5223,1:31:59:522,01:32:22,27.02.2021
event20210227_014356_116,krátka s headechom,0.364532,0.698098,0.0147783,0.0903328,"0.488469
",0.5341,12.908,1:43:33:908,01:43:56,27.02.2021
event20210227_014518_118,krátka s headechom,0.361248,0.671949,0.0344828,0.101426,"0.273861
",1.2463,12.4332,1:44:55:433,01:45:18,27.02.2021
event20210227_014518_118,dlhá s headechom,0.362069,0.667195,0.0361248,0.0824089,"0.313051
",1.3056,12.4332,1:44:55:433,01:45:18,27.02.2021
event20210227_014518_118,krátka bez headecha,0.511905,0.66561,0.0139573,0.0285261,"0.385227
",0.5045,18.2493,1:45:01:249,01:45:18,27.02.2021
event20210227_014518_118,krátka bez headecha,0.932266,0.695721,0.0139573,0.0348653,"0.500336
",0.5045,33.4421,1:45:16:442,01:45:18,27.02.2021
event20210227_014524_119,dlhá s headechom,0.211412,0.666403,0.0353038,0.0776545,"0.322189
",1.276,7.003,1:44:56:003,01:45:24,27.02.2021
event20210227_014524_119,krátka bez headecha,0.361658,0.66561,0.0139573,0.0285261,"0.555589
",0.5045,12.819,1:45:01:819,01:45:24,27.02.2021
event20210227_014524_119,krátka bez headecha,0.78202,0.696513,0.0139573,0.0332805,"0.518733
",0.5045,28.0119,1:45:17:011,01:45:24,27.02.2021
event20210227_014728_124,krátka bez headecha,0.358374,0.690174,0.0139573,0.0427892,"0.428893
",0.5045,12.7003,1:47:05:700,01:47:28,27.02.2021
event20210227_014935_128,krátka s headechom,0.363301,0.666403,0.0238095,0.0554675,"0.43528
",0.8605,12.7003,1:49:12:700,01:49:35,27.02.2021
event20210227_015338_130,krátka s headechom,0.367406,0.68542,0.0188834,0.0649762,"0.600977
",0.6825,12.9377,1:53:15:937,01:53:38,27.02.2021
event20210227_020102_136,krátka bez headecha,0.353038,0.687797,0.0147783,0.0316957,"0.603836
",0.5341,12.4926,2:00:39:492,02:01:02,27.02.2021
event20210227_020102_136,krátka bez headecha,0.860016,0.693344,0.0270936,0.0332805,"0.347334
",0.9792,30.5935,2:00:57:593,02:01:02,27.02.2021
event20210227_020311_139,krátka bez headecha,0.356322,0.66561,0.0131363,0.0316957,"0.375331
",0.4748,12.641,2:02:48:641,02:03:11,27.02.2021
event20210227_020544_143,krátka bez headecha,0.364943,0.663233,0.0155993,0.0332805,"0.568551
",0.5638,12.908,2:05:21:908,02:05:44,27.02.2021
event20210227_020841_146,krátka bez headecha,0.353448,0.677496,0.0139573,0.0269414,"0.490222
",0.5045,12.5222,2:08:18:522,02:08:41,27.02.2021
event20210227_021209_147,krátka bez headecha,0.350575,0.664025,0.0164204,0.0285261,"0.559998
",0.5935,12.3739,2:11:46:373,02:12:09,27.02.2021
event20210227_022140_152,krátka s headechom,0.353448,0.689382,0.0139573,0.0507132,"0.460141
",0.5045,12.5222,2:21:17:522,02:21:40,27.02.2021
event20210227_022145_153,krátka s headechom,0.213054,0.689382,0.0155993,0.044374,"0.37404
",0.5638,7.4184,2:21:17:418,02:21:45,27.02.2021
event20210227_023051_158,krátka s headechom,0.261905,0.681458,0.0164204,0.0538827,"0.335929
",0.5935,9.1691,2:30:25:169,02:30:51,27.02.2021
event20210227_023346_160,krátka bez headecha,0.357553,0.664818,0.0139573,0.0269414,"0.548603
",0.5045,12.6706,2:33:23:670,02:33:46,27.02.2021
event20210227_023557_162,krátka bez headecha,0.147373,0.671949,0.0155993,0.0253566,"0.456677
",0.5638,5.0445,2:35:27:044,02:35:57,27.02.2021
event20210227_023557_162,krátka bez headecha,0.481527,0.691759,0.0139573,0.0301109,"0.304043
",0.5045,17.1513,2:35:39:151,02:35:57,27.02.2021
event20210227_024545_166,krátka bez headecha,0.357964,0.670364,0.0131363,0.0253566,"0.533503
",0.4748,12.7003,2:45:22:700,02:45:45,27.02.2021
event20210227_024557_167,krátka bez headecha,0.0205255,0.669572,0.0114943,0.0237718,"0.40183
",0.4154,0.5341,2:45:22:534,02:45:57,27.02.2021
event20210227_024628_168,krátka s headechom,0.64491,0.662441,0.0172414,0.0792393,"0.541929
",0.6231,22.997,2:46:15:997,02:46:28,27.02.2021
event20210227_024638_169,krátka s headechom,0.364532,0.660063,0.0164204,0.0839937,"0.574377
",0.5935,12.8783,2:46:15:878,02:46:38,27.02.2021
event20210227_024658_170,krátka bez headecha,0.356322,0.667195,0.0164204,0.0285261,"0.422864
",0.5935,12.5816,2:46:35:581,02:46:58,27.02.2021
event20210227_025201_173,dlhá s headechom,0.363711,0.667195,0.045977,0.167987,"0.507769
",1.6617,12.3145,2:51:38:314,02:52:01,27.02.2021
event20210227_025458_174,krátka s headechom,0.356322,0.675911,0.0131363,0.0491284,"0.503553
",0.4748,12.641,2:54:35:641,02:54:58,27.02.2021
event20210227_030116_179,krátka s headechom,0.373153,0.667987,0.0303777,0.0744849,"0.401149
",1.0979,12.9377,3:00:53:937,03:01:16,27.02.2021
event20210227_030116_179,dlhá s headechom,0.373974,0.667987,0.0320197,0.0649762,"0.29428
",1.1573,12.9377,3:00:53:937,03:01:16,27.02.2021
event20210227_030116_179,krátka bez headecha,0.916256,0.662441,0.0147783,0.0316957,"0.409566
",0.5341,32.8487,3:01:13:848,03:01:16,27.02.2021
event20210227_030137_180,krátka bez headecha,0.353859,0.662441,0.0147783,0.0316957,"0.565484
",0.5341,12.5223,3:01:14:522,03:01:37,27.02.2021
event20210227_030324_181,krátka bez headecha,0.359606,0.676704,0.0164204,0.0348653,"0.533846
",0.5935,12.7003,3:03:01:700,03:03:24,27.02.2021
event20210227_030419_183,krátka s headechom,0.360016,0.666403,0.0221675,0.0618067,"0.496897
",0.8012,12.6113,3:03:56:611,03:04:19,27.02.2021
event20210227_030628_184,krátka s headechom,0.359195,0.674326,0.0172414,0.0966719,"0.538772
",0.6231,12.6706,3:06:05:670,03:06:28,27.02.2021
event20210227_030955_186,dlhá s headechom,0.371921,0.646593,0.0377668,0.107765,"0.284881
",1.365,12.7596,3:09:32:759,03:09:55,27.02.2021
event20210227_030955_186,krátka s headechom,0.372332,0.641046,0.0353038,0.10935,"0.453758
",1.276,12.819,3:09:32:819,03:09:55,27.02.2021
event20210227_031023_187,krátka s headechom,0.354269,0.677496,0.0172414,0.0713154,"0.56986
",0.6231,12.4926,3:10:00:492,03:10:23,27.02.2021
event20210227_031153_188,krátka s headechom,0.354269,0.690967,0.0172414,0.0760697,"0.593781
",0.6231,12.4926,3:11:30:492,03:11:53,27.02.2021
event20210227_031331_189,krátka s headechom,0.356732,0.677496,0.0139573,0.0522979,"0.489197
",0.5045,12.6409,3:13:08:640,03:13:31,27.02.2021
event20210227_031951_191,krátka s headechom,0.369048,0.672742,0.0188834,0.118859,"0.615212
",0.6825,12.997,3:19:28:997,03:19:51,27.02.2021
event20210227_032418_192,krátka bez headecha,0.359195,0.679081,0.0205255,0.0396197,"0.493628
",0.7418,12.6113,3:23:55:611,03:24:18,27.02.2021
event20210227_032725_194,krátka bez headecha,0.358785,0.671157,0.0262726,0.0301109,"0.556119
",0.9496,12.4926,3:27:02:492,03:27:25,27.02.2021
event20210227_033221_196,krátka bez headecha,0.362069,0.675119,0.0229885,0.0285261,"0.593781
",0.8309,12.6706,3:31:58:670,03:32:21,27.02.2021
event20210227_034102_197,krátka s headechom,0.361658,0.653724,0.0205255,0.103011,"0.561889
",0.7418,12.7003,3:40:39:700,03:41:02,27.02.2021
event20210227_034336_200,krátka bez headecha,0.357553,0.663233,0.0155993,0.0269414,"0.54344
",0.5638,12.6409,3:43:13:640,03:43:36,27.02.2021
event20210227_034524_201,krátka s headechom,0.357964,0.672742,0.0147783,0.0459588,"0.448351
",0.5341,12.6706,3:45:01:670,03:45:24,27.02.2021
event20210227_035121_203,krátka bez headecha,0.358374,0.672742,0.0123153,0.0364501,"0.389526
",0.4451,12.73,3:50:58:73,03:51:21,27.02.2021
event20210227_035125_204,krátka bez headecha,0.254926,0.671949,0.0139573,0.0380349,"0.440892
",0.5045,8.9614,3:50:58:961,03:51:25,27.02.2021
event20210227_035303_208,krátka bez headecha,0.36289,0.677496,0.0164204,0.0332805,"0.588965
",0.5935,12.819,3:52:40:819,03:53:03,27.02.2021
event20210227_035454_211,krátka bez headecha,0.890394,0.678288,0.0205255,0.0316957,"0.502168
",0.7418,31.8101,3:54:50:810,03:54:54,27.02.2021
event20210227_035500_212,krátka bez headecha,0.740969,0.678288,0.0205255,0.0316957,"0.55641
",0.7418,26.4095,3:54:51:409,03:55:00,27.02.2021
event20210227_040407_216,krátka bez headecha,0.357143,0.662441,0.0147783,0.0285261,"0.607738
",0.5341,12.641,4:03:44:641,04:04:07,27.02.2021
event20210227_040507_217,krátka s headechom,0.353448,0.680666,0.0155993,0.0713154,"0.571309
",0.5638,12.4926,4:04:44:492,04:05:07,27.02.2021
event20210227_040720_220,krátka bez headecha,0.35468,0.675119,0.0131363,0.0316957,"0.585656
",0.4748,12.5816,4:06:57:581,04:07:20,27.02.2021
event20210227_040954_222,dlhá s headechom,0.377668,0.664818,0.0607553,0.0808241,"0.48264
",2.1958,12.5519,4:09:31:551,04:09:54,27.02.2021
event20210227_041022_223,krátka s headechom,0.361658,0.674326,0.0205255,0.0491284,"0.410683
",0.7418,12.7003,4:09:59:700,04:10:22,27.02.2021
event20210227_041220_225,krátka s headechom,0.166256,0.683835,0.0139573,0.0713154,"0.504254
",0.5045,5.7567,4:11:50:756,04:12:20,27.02.2021
event20210227_041220_225,krátka bez headecha,0.35468,0.666403,0.0180624,0.0332805,"0.653155
",0.6528,12.4926,4:11:57:492,04:12:20,27.02.2021
event20210227_041457_226,krátka bez headecha,0.371921,0.681458,0.0262726,0.0316957,"0.488447
",0.9496,12.9674,4:14:34:967,04:14:57,27.02.2021
event20210227_041537_227,krátka bez headecha,0.357553,0.677496,0.0172414,0.0269414,"0.652596
",0.6231,12.6113,4:15:14:611,04:15:37,27.02.2021
event20210227_041753_228,krátka bez headecha,0.357964,0.672742,0.0147783,0.0269414,"0.659105
",0.5341,12.6706,4:17:30:670,04:17:53,27.02.2021
event20210227_041753_228,krátka bez headecha,0.841133,0.670364,0.0139573,0.0253566,"0.349085
",0.5045,30.1484,4:17:48:148,04:17:53,27.02.2021
event20210227_042013_230,krátka s headechom,0.363711,0.698891,0.0147783,0.088748,"0.550555
",0.5341,12.8783,4:19:50:878,04:20:13,27.02.2021
event20210227_042013_230,krátka bez headecha,0.520115,0.66561,0.0172414,0.0285261,"0.445542
",0.6231,18.4866,4:19:56:486,04:20:13,27.02.2021
event20210227_042019_231,krátka s headechom,0.204023,0.698891,0.0139573,0.0855784,"0.552564
",0.5045,7.1217,4:19:51:121,04:20:19,27.02.2021
event20210227_042019_231,krátka bez headecha,0.360427,0.664818,0.0164204,0.0269414,"0.561039
",0.5935,12.73,4:19:56:73,04:20:19,27.02.2021
event20210227_042135_233,krátka bez headecha,0.366174,0.670364,0.0147783,0.0285261,"0.577671
",0.5341,12.9674,4:21:12:967,04:21:35,27.02.2021
event20210227_042327_234,krátka s headechom,0.359195,0.671157,0.0402299,0.194929,"0.318916
",1.454,12.2552,4:23:04:255,04:23:27,27.02.2021
event20210227_042327_234,dlhá s headechom,0.360837,0.656894,0.0484401,0.169572,"0.311421
",1.7507,12.1662,4:23:04:166,04:23:27,27.02.2021
event20210227_042616_235,krátka bez headecha,0.360427,0.664818,0.0164204,0.0301109,"0.610281
",0.5935,12.73,4:25:53:73,04:26:16,27.02.2021
event20210227_043521_237,krátka bez headecha,0.356322,0.667987,0.0131363,0.0332805,"0.549747
",0.4748,12.641,4:34:58:641,04:35:21,27.02.2021
event20210227_043521_237,krátka s headechom,0.909688,0.681458,0.0147783,0.0824089,"0.538499
",0.5341,32.6113,4:35:18:611,04:35:21,27.02.2021
event20210227_043541_238,krátka s headechom,0.357143,0.680666,0.0147783,0.0839937,"0.551098
",0.5341,12.641,4:35:18:641,04:35:41,27.02.2021
event20210227_043738_239,krátka bez headecha,0.356732,0.664025,0.0155993,0.0285261,"0.41934
",0.5638,12.6113,4:37:15:611,04:37:38,27.02.2021
event20210227_043943_240,krátka s headechom,0.366174,0.631537,0.0164204,0.0618067,"0.503342
",0.5935,12.9377,4:39:20:937,04:39:43,27.02.2021
event20210227_045807_245,krátka bez headecha,0.367406,0.658479,0.0172414,0.0364501,"0.563073
",0.6231,12.9674,4:57:44:967,04:58:07,27.02.2021
event20210227_045922_246,krátka bez headecha,0.359606,0.675119,0.0147783,0.0348653,"0.496517
",0.5341,12.73,4:58:59:73,04:59:22,27.02.2021
event20210227_050007_247,krátka bez headecha,0.357964,0.671949,0.0131363,0.0285261,"0.597991
",0.4748,12.7003,4:59:44:700,05:00:07,27.02.2021
event20210227_050420_249,krátka bez headecha,0.35509,0.667195,0.0155993,0.0316957,"0.666283
",0.5638,12.5519,5:03:57:551,05:04:20,27.02.2021
event20210227_050758_250,krátka bez headecha,0.365764,0.672742,0.0123153,0.0301109,"0.588065
",0.4451,12.997,5:07:35:997,05:07:58,27.02.2021
event20210227_050825_251,krátka s headechom,0.355911,0.672742,0.0139573,0.0459588,"0.433564
",0.5045,12.6113,5:08:02:611,05:08:25,27.02.2021
event20210227_051337_252,krátka s headechom,0.353859,0.656101,0.0197044,0.0570523,"0.555452
",0.7122,12.4332,5:13:14:433,05:13:37,27.02.2021
event20210227_051337_252,krátka bez headecha,0.894499,0.675911,0.0155993,0.0301109,"0.579664
",0.5638,32.0475,5:13:34:047,05:13:37,27.02.2021
event20210227_051357_253,krátka bez headecha,0.37069,0.676704,0.0155993,0.0285261,"0.61457
",0.5638,13.1157,5:13:35:115,05:13:57,27.02.2021
event20210227_051607_254,krátka bez headecha,0.353448,0.678288,0.0139573,0.0316957,"0.511552
",0.5045,12.5222,5:15:44:522,05:16:07,27.02.2021
event20210227_051643_255,krátka bez headecha,0.363711,0.664025,0.0131363,0.0285261,"0.522741
",0.4748,12.908,5:16:20:908,05:16:43,27.02.2021
event20210227_051812_256,krátka bez headecha,0.360016,0.66878,0.0139573,0.0380349,"0.434108
",0.5045,12.7596,5:17:49:759,05:18:12,27.02.2021
event20210227_051926_257,krátka bez headecha,0.357143,0.710777,0.0131363,0.0269414,"0.244424
",0.4748,12.6706,5:19:03:670,05:19:26,27.02.2021
event20210227_051926_257,krátka bez headecha,0.612479,0.672742,0.0164204,0.0269414,"0.489631
",0.5935,21.8397,5:19:12:839,05:19:26,27.02.2021
event20210227_051935_258,krátka bez headecha,0.360837,0.671949,0.0155993,0.0253566,"0.575945
",0.5638,12.7596,5:19:12:759,05:19:35,27.02.2021
event20210227_052340_262,krátka bez headecha,0.366174,0.692551,0.0147783,0.0285261,"0.335697
",0.5341,12.9674,5:23:17:967,05:23:40,27.02.2021
event20210227_052759_263,krátka s headechom,0.354269,0.744849,0.0205255,0.22187,"0.24529
",0.7418,12.4332,5:27:36:433,05:27:59,27.02.2021
event20210227_052759_263,krátka bez headecha,0.764368,0.666403,0.0147783,0.0491284,"0.295414
",0.5341,27.3591,5:27:51:359,05:27:59,27.02.2021
event20210227_053236_268,krátka s headechom,0.369869,0.680666,0.0320197,0.0998415,"0.403839
",1.1573,12.7893,5:32:13:789,05:32:36,27.02.2021
event20210227_053348_269,krátka bez headecha,0.358785,0.677496,0.0147783,0.0332805,"0.506545
",0.5341,12.7003,5:33:25:700,05:33:48,27.02.2021
event20210227_053348_269,krátka s headechom,0.681445,0.613312,0.0229885,0.190174,"0.298501
",0.8309,24.2137,5:33:37:213,05:33:48,27.02.2021
event20210227_053400_270,krátka bez headecha,0.0311987,0.676704,0.0131363,0.0285261,"0.471185
",0.4748,0.8902,5:33:25:890,05:34:00,27.02.2021
event20210227_053637_271,krátka bez headecha,0.361658,0.684628,0.0139573,0.0285261,"0.57342
",0.5045,12.819,5:36:14:819,05:36:37,27.02.2021
event20210227_053736_272,krátka s headechom,0.363301,0.649762,0.0221675,0.0792393,"0.579612
",0.8012,12.73,5:37:13:73,05:37:36,27.02.2021
event20210227_054006_274,krátka bez headecha,0.357964,0.671157,0.0147783,0.0301109,"0.582373
",0.5341,12.6706,5:39:43:670,05:40:06,27.02.2021
event20210227_054136_275,krátka bez headecha,0.367406,0.661648,0.0139573,0.0301109,"0.566387
",0.5045,13.0267,5:41:14:026,05:41:36,27.02.2021
event20210227_054343_276,krátka bez headecha,0.366995,0.666403,0.0164204,0.0269414,"0.625662
",0.5935,12.9674,5:43:20:967,05:43:43,27.02.2021
event20210227_054905_280,krátka bez headecha,0.358785,0.675119,0.0147783,0.0380349,"0.430239
",0.5341,12.7003,5:48:42:700,05:49:05,27.02.2021
event20210227_055204_281,krátka s headechom,0.359195,0.699683,0.0287356,0.239303,"0.286702
",1.0386,12.4629,5:51:41:462,05:52:04,27.02.2021
event20210227_055518_283,krátka bez headecha,0.353859,0.66878,0.0131363,0.0348653,"0.53075
",0.4748,12.5519,5:54:55:551,05:55:18,27.02.2021
event20210227_060010_285,krátka s headechom,0.368637,0.694136,0.0180624,0.110935,"0.478688
",0.6528,12.997,5:59:47:997,06:00:10,27.02.2021
event20210227_060020_286,krátka s headechom,0.0960591,0.68859,0.0131363,0.11252,"0.499237
",0.4748,3.2344,5:59:48:234,06:00:20,27.02.2021
event20210227_060108_287,krátka s headechom,0.359195,0.663233,0.0155993,0.0966719,"0.528039
",0.5638,12.7003,6:00:45:700,06:01:08,27.02.2021
event20210227_060334_289,krátka bez headecha,0.368227,0.671157,0.0155993,0.0396197,"0.404431
",0.5638,13.0267,6:03:12:026,06:03:34,27.02.2021
event20210227_060522_290,krátka bez headecha,0.363301,0.667987,0.0238095,0.0332805,"0.554625
",0.8605,12.7003,6:04:59:700,06:05:22,27.02.2021
event20210227_060821_292,krátka bez headecha,0.13711,0.675119,0.0131363,0.0316957,"0.286887
",0.4748,4.7181,6:07:50:718,06:08:21,27.02.2021
event20210227_060821_292,krátka bez headecha,0.366995,0.664025,0.0180624,0.0285261,"0.56733
",0.6528,12.9377,6:07:58:937,06:08:21,27.02.2021
event20210227_060821_292,krátka bez headecha,0.711002,0.667195,0.0131363,0.0285261,"0.28195
",0.4748,25.46,6:08:11:46,06:08:21,27.02.2021
event20210227_060930_294,krátka bez headecha,0.356732,0.675119,0.0123153,0.0380349,"0.330256
",0.4451,12.6706,6:09:07:670,06:09:30,27.02.2021
event20210227_060930_294,krátka s headechom,0.357143,0.674326,0.0131363,0.0427892,"0.273486
",0.4748,12.6706,6:09:07:670,06:09:30,27.02.2021
event20210227_061602_302,krátka bez headecha,0.363711,0.671949,0.0164204,0.0380349,"0.499035
",0.5935,12.8487,6:15:39:848,06:16:02,27.02.2021
event20210227_061635_303,krátka bez headecha,0.364121,0.673534,0.0139573,0.0285261,"0.491942
",0.5045,12.908,6:16:12:908,06:16:35,27.02.2021
event20210227_061926_305,krátka s headechom,0.495484,0.68225,0.0139573,0.0586371,"0.44713
",0.5045,17.6558,6:19:08:655,06:19:26,27.02.2021
event20210227_062047_307,krátka bez headecha,0.361248,0.667987,0.0147783,0.0396197,"0.406213
",0.5341,12.7893,6:20:24:789,06:20:47,27.02.2021
event20210227_062126_308,krátka s headechom,0.359195,0.6458,0.0188834,0.10935,"0.596362
",0.6825,12.6409,6:21:03:640,06:21:26,27.02.2021
event20210227_062326_311,krátka s headechom,0.366585,0.675119,0.0172414,0.0475436,"0.458469
",0.6231,12.9377,6:23:03:937,06:23:26,27.02.2021
event20210227_062400_312,krátka s headechom,0.228654,0.660063,0.0139573,0.0649762,"0.55721
",0.5045,8.0119,6:23:33:011,06:24:00,27.02.2021
event20210227_062400_312,krátka bez headecha,0.355911,0.671949,0.0188834,0.0348653,"0.577746
",0.6825,12.5222,6:23:37:522,06:24:00,27.02.2021
event20210227_062657_315,krátka bez headecha,0.361248,0.671949,0.0197044,0.0285261,"0.530716
",0.7122,12.7003,6:26:34:700,06:26:57,27.02.2021
event20210227_063821_322,krátka bez headecha,0.364532,0.68225,0.0131363,0.0332805,"0.452445
",0.4748,12.9377,6:37:58:937,06:38:21,27.02.2021
event20210227_063954_324,krátka bez headecha,0.356732,0.676704,0.0238095,0.0316957,"0.584702
",0.8605,12.4629,6:39:31:462,06:39:54,27.02.2021
event20210227_064338_326,krátka bez headecha,0.365353,0.687005,0.0180624,0.0364501,"0.645077
",0.6528,12.8783,6:43:15:878,06:43:38,27.02.2021
event20210227_064648_327,krátka bez headecha,0.357553,0.676704,0.0172414,0.0316957,"0.595187
",0.6231,12.6113,6:46:25:611,06:46:48,27.02.2021
event20210227_064750_328,krátka bez headecha,0.359195,0.672742,0.0172414,0.0332805,"0.577322
",0.6231,12.6706,6:47:27:670,06:47:50,27.02.2021
event20210227_065051_330,krátka s headechom,0.353038,0.672742,0.0147783,0.0618067,"0.533866
",0.5341,12.4926,6:50:28:492,06:50:51,27.02.2021
event20210227_065051_330,krátka bez headecha,0.595649,0.675911,0.0188834,0.0427892,"0.387591
",0.6825,21.187,6:50:37:187,06:50:51,27.02.2021
event20210227_065051_330,krátka bez headecha,0.827586,0.684628,0.0131363,0.0348653,"0.337248
",0.4748,29.6736,6:50:45:673,06:50:51,27.02.2021
event20210227_065100_331,krátka s headechom,0.118637,0.673534,0.0139573,0.0570523,"0.498253
",0.5045,4.0356,6:50:29:035,06:51:00,27.02.2021
event20210227_065100_331,krátka bez headecha,0.360837,0.675911,0.0172414,0.0427892,"0.471988
",0.6231,12.73,6:50:37:73,06:51:00,27.02.2021
event20210227_070536_344,krátka s headechom,0.539819,0.673534,0.0287356,0.0570523,"0.481606
",1.0386,18.9911,7:05:19:991,07:05:36,27.02.2021
event20210227_070542_345,krátka s headechom,0.3711,0.671949,0.0279146,0.0538827,"0.415012
",1.0089,12.908,7:05:19:908,07:05:42,27.02.2021
event20210227_070758_346,krátka s headechom,0.35509,0.610935,0.0221675,0.194929,"0.49165
",0.8012,12.4332,7:07:35:433,07:07:58,27.02.2021
event20210227_070910_347,krátka bez headecha,0.361658,0.677496,0.0188834,0.0396197,"0.445802
",0.6825,12.73,7:08:47:73,07:09:10,27.02.2021
event20210227_071035_348,krátka bez headecha,0.358374,0.675119,0.0139573,0.0285261,"0.613684
",0.5045,12.7003,7:10:12:700,07:10:35,27.02.2021
event20210227_071820_355,krátka bez headecha,0.359195,0.667195,0.0155993,0.0285261,"0.611911
",0.5638,12.7003,7:17:57:700,07:18:20,27.02.2021
event20210227_071915_356,krátka bez headecha,0.35509,0.66878,0.0172414,0.0348653,"0.573404
",0.6231,12.5222,7:18:52:522,07:19:15,27.02.2021
event20210227_071941_357,krátka s headechom,0.362479,0.669572,0.0172414,0.0839937,"0.513077
",0.6231,12.7893,7:19:18:789,07:19:41,27.02.2021
event20210227_072315_363,krátka bez headecha,0.366995,0.675119,0.0147783,0.0348653,"0.576637
",0.5341,12.997,7:22:52:997,07:23:15,27.02.2021
event20210227_072712_367,krátka s headechom,0.355501,0.671949,0.0180624,0.0570523,"0.540289
",0.6528,12.5223,7:26:49:522,07:27:12,27.02.2021
event20210227_073412_370,krátka bez headecha,0.364943,0.675911,0.0139573,0.0269414,"0.564819
",0.5045,12.9377,7:33:49:937,07:34:12,27.02.2021
event20210227_073412_370,krátka s headechom,0.568965,0.677496,0.0197044,0.115689,"0.621031
",0.7122,20.2077,7:33:57:207,07:34:12,27.02.2021
event20210227_073419_371,krátka bez headecha,0.148604,0.674326,0.0131363,0.0269414,"0.501215
",0.4748,5.1335,7:33:49:133,07:34:19,27.02.2021
event20210227_073419_371,krátka s headechom,0.353038,0.675911,0.0197044,0.118859,"0.551071
",0.7122,12.4036,7:33:56:403,07:34:19,27.02.2021
event20210227_073552_372,krátka s headechom,0.367406,0.676704,0.0188834,0.0570523,"0.540216
",0.6825,12.9377,7:35:29:937,07:35:52,27.02.2021
event20210227_073845_375,krátka s headechom,0.37069,0.652932,0.0287356,0.0792393,"0.467415
",1.0386,12.8784,7:38:22:878,07:38:45,27.02.2021
event20210227_073911_376,krátka bez headecha,0.365353,0.679081,0.0229885,0.0332805,"0.56636
",0.8309,12.7893,7:38:48:789,07:39:11,27.02.2021
event20210227_074441_377,krátka bez headecha,0.359195,0.675119,0.0123153,0.0285261,"0.433819
",0.4451,12.7596,7:44:18:759,07:44:41,27.02.2021
event20210227_074528_378,krátka bez headecha,0.362069,0.655309,0.0164204,0.0427892,"0.470653
",0.5935,12.7893,7:45:05:789,07:45:28,27.02.2021
event20210227_074528_378,krátka bez headecha,0.881363,0.664818,0.0155993,0.0332805,"0.319121
",0.5638,31.5727,7:45:24:572,07:45:28,27.02.2021
event20210227_074546_379,krátka bez headecha,0.365764,0.664025,0.0155993,0.0348653,"0.537064
",0.5638,12.9377,7:45:23:937,07:45:46,27.02.2021
event20210227_074633_380,krátka s headechom,0.358374,0.672742,0.0205255,0.0522979,"0.442539
",0.7418,12.5816,7:46:10:581,07:46:33,27.02.2021
event20210227_074954_386,krátka s headechom,0.919951,0.645008,0.0205255,0.110935,"0.537992
",0.7418,32.8783,7:49:51:878,07:49:54,27.02.2021
event20210227_075014_387,krátka s headechom,0.377258,0.644216,0.0188834,0.125198,"0.537234
",0.6825,13.2938,7:49:52:293,07:50:14,27.02.2021
event20210227_075014_387,krátka s headechom,0.827997,0.675119,0.0155993,0.0697306,"0.541665
",0.5638,29.6439,7:50:08:643,07:50:14,27.02.2021
event20210227_075318_391,krátka bez headecha,0.359606,0.666403,0.0147783,0.0269414,"0.381769
",0.5341,12.73,7:52:55:73,07:53:18,27.02.2021
event20210227_075535_392,krátka bez headecha,0.360837,0.667987,0.0188834,0.0364501,"0.565605
",0.6825,12.7003,7:55:12:700,07:55:35,27.02.2021
event20210227_080107_395,krátka bez headecha,0.360837,0.66561,0.0139573,0.0316957,"0.522471
",0.5045,12.7893,8:00:44:789,08:01:07,27.02.2021
event20210227_080107_395,krátka s headechom,0.752874,0.679081,0.0229885,0.0966719,"0.575758
",0.8309,26.7953,8:00:58:795,08:01:07,27.02.2021
event20210227_080121_396,krátka s headechom,0.368637,0.676704,0.0213465,0.088748,"0.570232
",0.7715,12.9377,8:00:58:937,08:01:21,27.02.2021
event20210227_080245_397,krátka s headechom,0.363711,0.666403,0.0180624,0.106181,"0.595154
",0.6528,12.819,8:02:22:819,08:02:45,27.02.2021
event20210227_080245_397,krátka s headechom,0.597701,0.66878,0.0213465,0.0792393,"0.560924
",0.7715,21.2166,8:02:31:216,08:02:45,27.02.2021
event20210227_080250_398,krátka s headechom,0.24179,0.664818,0.0172414,0.103011,"0.571158
",0.6231,8.4273,8:02:23:427,08:02:50,27.02.2021
event20210227_080250_398,krátka s headechom,0.476601,0.667987,0.0238095,0.0839937,"0.576677
",0.8605,16.7953,8:02:31:795,08:02:50,27.02.2021
event20210227_080254_399,krátka s headechom,0.12069,0.667195,0.0180624,0.0982567,"0.55218
",0.6528,4.0356,8:02:23:035,08:02:54,27.02.2021
event20210227_080254_399,krátka s headechom,0.35468,0.669572,0.0229885,0.0903328,"0.564645
",0.8309,12.4036,8:02:31:403,08:02:54,27.02.2021
event20210227_080505_400,krátka bez headecha,0.353038,0.667195,0.0147783,0.0348653,"0.598131
",0.5341,12.4926,8:04:42:492,08:05:05,27.02.2021
event20210227_080629_402,krátka bez headecha,0.35468,0.66561,0.0180624,0.0316957,"0.490383
",0.6528,12.4926,8:06:06:492,08:06:29,27.02.2021
event20210227_080652_403,krátka bez headecha,0.35468,0.666403,0.0164204,0.0301109,"0.661271
",0.5935,12.5223,8:06:29:522,08:06:52,27.02.2021
event20210227_081336_409,krátka bez headecha,0.357553,0.669572,0.0205255,0.0269414,"0.626557
",0.7418,12.5519,8:13:13:551,08:13:36,27.02.2021
event20210227_081426_410,krátka s headechom,0.356322,0.663233,0.0197044,0.103011,"0.557912
",0.7122,12.5223,8:14:03:522,08:14:26,27.02.2021
event20210227_081426_410,krátka bez headecha,0.784483,0.763074,0.0155993,0.0301109,"0.325769
",0.5638,28.0712,8:14:19:071,08:14:26,27.02.2021
event20210227_081633_411,krátka bez headecha,0.357964,0.672742,0.0164204,0.0269414,"0.63354
",0.5935,12.641,8:16:10:641,08:16:33,27.02.2021
event20210227_081633_411,krátka bez headecha,0.495484,0.672742,0.0123153,0.0332805,"0.531762
",0.4451,17.6854,8:16:15:685,08:16:33,27.02.2021
event20210227_081633_411,krátka s headechom,0.816502,0.679873,0.0188834,0.0412044,"0.327206
",0.6825,29.1691,8:16:27:169,08:16:33,27.02.2021
event20210227_081633_411,krátka bez headecha,0.816913,0.679873,0.0180624,0.0412044,"0.438233
",0.6528,29.1988,8:16:27:198,08:16:33,27.02.2021
event20210227_081638_412,krátka bez headecha,0.226601,0.672742,0.0164204,0.0269414,"0.599244
",0.5935,7.8932,8:16:10:893,08:16:38,27.02.2021
event20210227_081638_412,krátka bez headecha,0.364532,0.671157,0.0131363,0.0332805,"0.514349
",0.4748,12.9377,8:16:15:937,08:16:38,27.02.2021
event20210227_081638_412,krátka bez headecha,0.68555,0.679081,0.0180624,0.0427892,"0.453164
",0.6528,24.451,8:16:27:451,08:16:38,27.02.2021
event20210227_081844_415,krátka bez headecha,0.35468,0.676704,0.0147783,0.0253566,"0.644105
",0.5341,12.5519,8:18:21:551,08:18:44,27.02.2021
event20210227_082315_418,krátka bez headecha,0.653941,0.68542,0.0238095,0.0332805,"0.601072
",0.8605,23.2048,8:23:03:204,08:23:15,27.02.2021
event20210227_082326_419,krátka bez headecha,0.364121,0.68542,0.0238095,0.0301109,"0.645862
",0.8605,12.73,8:23:03:73,08:23:26,27.02.2021
event20210227_082334_420,krátka bez headecha,0.139573,0.68542,0.0229885,0.0301109,"0.565264
",0.8309,4.6291,8:23:03:629,08:23:34,27.02.2021
event20210227_083314_432,dlhá s headechom,0.368637,0.643423,0.0426929,0.142631,"0.540793
",1.543,12.5519,8:32:51:551,08:33:14,27.02.2021
event20210227_083844_438,krátka bez headecha,0.355911,0.669572,0.0139573,0.0396197,"0.459003
",0.5045,12.6113,8:38:21:611,08:38:44,27.02.2021
event20210227_084440_445,krátka s headechom,0.366174,0.674326,0.0147783,0.0586371,"0.517553
",0.5341,12.9674,8:44:17:967,08:44:40,27.02.2021
event20210227_084616_447,krátka s headechom,0.66913,0.653724,0.0295567,0.0935024,"0.474275
",1.0683,23.6499,8:46:04:649,08:46:16,27.02.2021
event20210227_084628_448,krátka s headechom,0.369869,0.653724,0.0287356,0.0903328,"0.411366
",1.0386,12.8487,8:46:05:848,08:46:28,27.02.2021
event20210227_084756_451,krátka bez headecha,0.359606,0.667195,0.0197044,0.044374,"0.377902
",0.7122,12.641,8:47:33:641,08:47:56,27.02.2021
event20210227_085507_455,krátka s headechom,0.35468,0.677496,0.0147783,0.0776545,"0.565392
",0.5341,12.5519,8:54:44:551,08:55:07,27.02.2021
event20210227_090553_462,dlhá bez headecha,0.383415,0.66878,0.0541872,0.044374,"0.319129
",1.9585,12.8783,9:05:30:878,09:05:53,27.02.2021
event20210227_090927_468,krátka bez headecha,0.361248,0.673534,0.0147783,0.0316957,"0.548837
",0.5341,12.7893,9:09:04:789,09:09:27,27.02.2021
event20210227_092028_475,krátka s headechom,0.353448,0.676704,0.0155993,0.0602219,"0.538002
",0.5638,12.4926,9:20:05:492,09:20:28,27.02.2021
event20210227_094104_487,krátka bez headecha,0.355501,0.676704,0.0164204,0.0316957,"0.521852
",0.5935,12.5519,9:40:41:551,09:41:04,27.02.2021
event20210227_094104_487,krátka bez headecha,0.429803,0.683835,0.0205255,0.0332805,"0.27473
",0.7418,15.1632,9:40:44:163,09:41:04,27.02.2021
event20210227_095049_491,krátka bez headecha,0.162151,0.666403,0.0123153,0.0269414,"0.286756
",0.4451,5.638,9:50:19:638,09:50:49,27.02.2021
event20210227_095049_491,krátka bez headecha,0.460181,0.673534,0.0172414,0.0316957,"0.511007
",0.6231,16.3205,9:50:30:320,09:50:49,27.02.2021
event20210227_095053_492,krátka bez headecha,0.367816,0.674326,0.0164204,0.0301109,"0.577682
",0.5935,12.997,9:50:30:997,09:50:53,27.02.2021
event20210227_095614_494,krátka bez headecha,0.352627,0.664818,0.0172414,0.0301109,"0.654539
",0.6231,12.4332,9:55:51:433,09:56:14,27.02.2021
event20210227_095737_495,krátka s headechom,0.353859,0.659271,0.0164204,0.0633914,"0.490175
",0.5935,12.4926,9:57:14:492,09:57:37,27.02.2021
event20210227_100031_499,krátka s headechom,0.353448,0.675119,0.0155993,0.0697306,"0.571506
",0.5638,12.4926,10:00:08:492,10:00:31,27.02.2021
event20210227_100456_503,krátka bez headecha,0.365764,0.667987,0.0139573,0.0301109,"0.645768
",0.5045,12.9674,10:04:33:967,10:04:56,27.02.2021
event20210227_100509_504,krátka bez headecha,0.311166,0.633914,0.0197044,0.0412044,"0.241359
",0.7122,10.8902,10:04:44:890,10:05:09,27.02.2021
event20210227_102545_521,krátka bez headecha,0.365353,0.674326,0.0164204,0.0301109,"0.3301
",0.5935,12.908,10:25:22:908,10:25:45,27.02.2021
event20210227_103220_526,krátka bez headecha,0.359195,0.66878,0.0155993,0.044374,"0.533662
",0.5638,12.7003,10:31:57:700,10:32:20,27.02.2021
event20210227_103547_531,krátka bez headecha,0.222906,0.591918,0.0139573,0.0269414,"0.394826
",0.5045,7.8041,10:35:19:804,10:35:47,27.02.2021
event20210227_103547_531,krátka bez headecha,0.366585,0.672742,0.0139573,0.0332805,"0.596839
",0.5045,12.997,10:35:24:997,10:35:47,27.02.2021
event20210227_104240_538,krátka s headechom,0.35468,0.698098,0.0164204,0.0554675,"0.493797
",0.5935,12.5223,10:42:17:522,10:42:40,27.02.2021
event20210227_104926_542,krátka bez headecha,0.359606,0.674326,0.0246305,0.0269414,"0.564992
",0.8902,12.5519,10:49:03:551,10:49:26,27.02.2021
event20210227_105226_546,krátka bez headecha,0.353448,0.678288,0.0155993,0.0348653,"0.544318
",0.5638,12.4926,10:52:03:492,10:52:26,27.02.2021
event20210227_105912_549,krátka s headechom,0.359195,0.667987,0.0155993,0.0586371,"0.5119
",0.5638,12.7003,10:58:49:700,10:59:12,27.02.2021
event20210227_110307_551,krátka s headechom,0.362479,0.662441,0.0221675,0.0792393,"0.557295
",0.8012,12.7003,11:02:44:700,11:03:07,27.02.2021
event20210227_110307_551,krátka s headechom,0.529557,0.677496,0.0197044,0.0744849,"0.592262
",0.7122,18.7834,11:02:50:783,11:03:07,27.02.2021
event20210227_110307_551,krátka bez headecha,0.609195,0.672742,0.0131363,0.0301109,"0.27802
",0.4748,21.7804,11:02:53:780,11:03:07,27.02.2021
event20210227_110313_552,krátka s headechom,0.194171,0.663233,0.0221675,0.0776545,"0.564633
",0.8012,6.6172,11:02:44:617,11:03:13,27.02.2021
event20210227_110313_552,krátka s headechom,0.361658,0.675911,0.0188834,0.0713154,"0.559242
",0.6825,12.73,11:02:50:73,11:03:13,27.02.2021
event20210227_110313_552,krátka bez headecha,0.409688,0.667195,0.0131363,0.0348653,"0.335477
",0.4748,14.5697,11:02:52:569,11:03:13,27.02.2021
event20210227_110709_555,krátka bez headecha,0.525041,0.676704,0.0205255,0.0285261,"0.26767
",0.7418,18.6053,11:06:52:605,11:07:09,27.02.2021
event20210227_110709_555,krátka s headechom,0.598112,0.673534,0.0188834,0.0538827,"0.429358
",0.6825,21.276,11:06:55:276,11:07:09,27.02.2021
event20210227_110715_556,krátka bez headecha,0.356322,0.676704,0.0197044,0.0253566,"0.514501
",0.7122,12.5223,11:06:52:522,11:07:15,27.02.2021
event20210227_110715_556,krátka s headechom,0.429803,0.672742,0.0188834,0.0554675,"0.496046
",0.6825,15.1929,11:06:55:192,11:07:15,27.02.2021
event20210227_110718_557,krátka bez headecha,0.29023,0.675911,0.0205255,0.0269414,"0.44734
",0.7418,10.1187,11:06:53:118,11:07:18,27.02.2021
event20210227_110718_557,krátka s headechom,0.364121,0.673534,0.0205255,0.0570523,"0.500445
",0.7418,12.7893,11:06:55:789,11:07:18,27.02.2021
event20210227_110808_558,krátka bez headecha,0.354269,0.671949,0.0172414,0.0316957,"0.682944
",0.6231,12.4926,11:07:45:492,11:08:08,27.02.2021
event20210227_110936_560,krátka s headechom,0.355501,0.672742,0.0180624,0.0935024,"0.563152
",0.6528,12.5223,11:09:13:522,11:09:36,27.02.2021
event20210227_111011_561,krátka bez headecha,0.29064,0.697306,0.0114943,0.0285261,"0.294822
",0.4154,10.2967,11:09:46:296,11:10:11,27.02.2021
event20210227_111011_561,krátka bez headecha,0.35509,0.675911,0.0172414,0.0301109,"0.63996
",0.6231,12.5222,11:09:48:522,11:10:11,27.02.2021
event20210227_111011_561,krátka bez headecha,0.873974,0.676704,0.0155993,0.0380349,"0.546128
",0.5638,31.3056,11:10:07:305,11:10:11,27.02.2021
event20210227_111203_562,krátka bez headecha,0.367406,0.677496,0.0172414,0.0332805,"0.612371
",0.6231,12.9674,11:11:40:967,11:12:03,27.02.2021
event20210227_111203_562,krátka s headechom,0.773399,0.664025,0.0147783,0.0475436,"0.249186
",0.5341,27.6855,11:11:55:685,11:12:03,27.02.2021
event20210227_111745_565,krátka s headechom,0.0291461,0.678288,0.0155993,0.0570523,"0.501234
",0.5638,0.7715,11:17:10:771,11:17:45,27.02.2021
event20210227_111745_565,krátka bez headecha,0.635057,0.666403,0.0155993,0.0301109,"0.548796
",0.5638,22.6706,11:17:32:670,11:17:45,27.02.2021
event20210227_111755_566,krátka bez headecha,0.0837438,0.66878,0.0229885,0.0316957,"0.249779
",0.8309,2.6113,11:17:22:611,11:17:55,27.02.2021
event20210227_111755_566,krátka bez headecha,0.363301,0.66561,0.0139573,0.0285261,"0.573044
",0.5045,12.8784,11:17:32:878,11:17:55,27.02.2021
event20210227_112133_568,krátka s headechom,0.362479,0.673534,0.0205255,0.0855784,"0.529321
",0.7418,12.73,11:21:10:73,11:21:33,27.02.2021
event20210227_112306_569,krátka bez headecha,0.361658,0.666403,0.0221675,0.0301109,"0.429864
",0.8012,12.6706,11:22:43:670,11:23:06,27.02.2021
event20210227_112556_571,krátka s headechom,0.364121,0.660063,0.0205255,0.0459588,"0.417189
",0.7418,12.7893,11:25:33:789,11:25:56,27.02.2021
event20210227_112556_571,krátka bez headecha,0.739327,0.664818,0.0123153,0.0269414,"0.436213
",0.4451,26.4985,11:25:47:498,11:25:56,27.02.2021
event20210227_112610_572,krátka bez headecha,0.356732,0.664818,0.0139573,0.0269414,"0.548327
",0.5045,12.6409,11:25:47:640,11:26:10,27.02.2021
event20210227_112648_573,krátka bez headecha,0.35468,0.679873,0.0246305,0.0348653,"0.53476
",0.8902,12.3739,11:26:25:373,11:26:48,27.02.2021
event20210227_112731_574,krátka s headechom,0.35509,0.675119,0.0155993,0.0412044,"0.277247
",0.5638,12.5519,11:27:08:551,11:27:31,27.02.2021
event20210227_112731_574,krátka bez headecha,0.355501,0.673534,0.0147783,0.0348653,"0.539229
",0.5341,12.5816,11:27:08:581,11:27:31,27.02.2021
event20210227_113013_579,krátka bez headecha,0.667898,0.679081,0.0139573,0.0332805,"0.407639
",0.5045,23.8872,11:30:01:887,11:30:13,27.02.2021
event20210227_113214_581,krátka bez headecha,0.364532,0.673534,0.0164204,0.0285261,"0.473356
",0.5935,12.8783,11:31:51:878,11:32:14,27.02.2021
event20210227_113247_582,krátka bez headecha,0.356322,0.66561,0.0164204,0.0316957,"0.649413
",0.5935,12.5816,11:32:24:581,11:32:47,27.02.2021
event20210227_113247_582,krátka bez headecha,0.93514,0.687005,0.0131363,0.0427892,"0.320403
",0.4748,33.5608,11:32:45:560,11:32:47,27.02.2021
event20210227_113821_585,krátka bez headecha,0.19335,0.68225,0.0123153,0.0237718,"0.394155
",0.4451,6.7656,11:37:52:765,11:38:21,27.02.2021
event20210227_113821_585,krátka bez headecha,0.357143,0.663233,0.0147783,0.0269414,"0.562109
",0.5341,12.641,11:37:58:641,11:38:21,27.02.2021
event20210227_113937_587,krátka bez headecha,0.444581,0.675119,0.0172414,0.0412044,"0.479744
",0.6231,15.7567,11:39:17:756,11:39:37,27.02.2021
event20210227_113940_588,krátka bez headecha,0.369048,0.675119,0.0172414,0.044374,"0.481963
",0.6231,13.0267,11:39:18:026,11:39:40,27.02.2021
event20210227_114024_589,krátka bez headecha,0.35468,0.664025,0.0197044,0.0412044,"0.527918
",0.7122,12.4629,11:40:01:462,11:40:24,27.02.2021
event20210227_114405_592,krátka bez headecha,0.369458,0.679081,0.0197044,0.0301109,"0.597167
",0.7122,12.997,11:43:42:997,11:44:05,27.02.2021
event20210227_114505_595,dlhá bez headecha,0.747537,0.694136,0.0402299,0.0538827,"0.277109
",1.454,26.2908,11:44:56:290,11:45:05,27.02.2021
event20210227_114519_596,krátka bez headecha,0.231527,0.666403,0.0147783,0.0301109,"0.318772
",0.5341,8.1009,11:44:52:100,11:45:19,27.02.2021
event20210227_114519_596,dlhá bez headecha,0.372742,0.694136,0.044335,0.0475436,"0.242443
",1.6024,12.6706,11:44:56:670,11:45:19,27.02.2021
event20210227_114519_596,dlhá s headechom,0.373153,0.695721,0.0402299,0.0507132,"0.254787
",1.454,12.7597,11:44:56:759,11:45:19,27.02.2021
event20210227_114807_599,krátka s headechom,0.0862069,0.672742,0.0164204,0.0459588,"0.337237
",0.5935,2.819,11:47:34:819,11:48:07,27.02.2021
event20210227_115238_609,krátka bez headecha,0.355501,0.675911,0.0131363,0.0269414,"0.574878
",0.4748,12.6113,11:52:15:611,11:52:38,27.02.2021
event20210227_115247_610,krátka bez headecha,0.103448,0.675911,0.0114943,0.0269414,"0.530818
",0.4154,3.5311,11:52:15:531,11:52:47,27.02.2021
event20210227_120114_613,krátka bez headecha,0.354269,0.675911,0.0139573,0.0332805,"0.56625
",0.5045,12.5519,12:00:51:551,12:01:14,27.02.2021
event20210227_120114_613,krátka s headechom,0.745484,0.656101,0.0328407,0.123613,"0.551302
",1.1869,26.3501,12:01:05:350,12:01:14,27.02.2021
event20210227_120128_614,krátka s headechom,0.369869,0.655309,0.0320197,0.125198,"0.536753
",1.1573,12.7893,12:01:05:789,12:01:28,27.02.2021
